ja-JP,ja-JP
ja-JP,ja-JP
ja-JP,ja-JP
ja-JP,ja-JP
ja-JP,ja-JP
ja-JP,ja-JP
ja-JP,ja-JP
ja-JP,ja-JP
ja-JP,ja-JP
ja-JP,ja-JP
ja-JP,ja-JP
ja-JP,ja-JP
ja-JP,ja-JP
ja-JP,ja-JP
ja-JP,ja-JP
ja-JP,ja-JP
ja-JP,ja-JP
ja-JP,ja-JP
ja-JP,ja-JP
ja-JP,ja-JP
ja-JP,ja-JP
ja-JP,ja-JP
ja-JP,ja-JP
ja-JP,ja-JP
ja-JP,ja-JP
ja-JP,ja-JP
ja-JP,ja-JP
ja-JP,ja-JP
ja-JP,ja-JP
ja-JP,ja-JP
ja-JP,ja-JP
ja-JP,ja-JP
ja-JP,ja-JP
ja-JP,ja-JP
ja-JP,ja-JP
ja-JP,ja-JP
ja-JP,ja-JP
ja-JP,ja-JP
ja-JP,ja-JP
ja-JP,ja-JP
ja-JP,ja-JP
ja-JP,ja-JP
ja-JP,ja-JP
ja-JP,ja-JP
ja-JP,ja-JP
ja-JP,ja-JP
ja-JP,ja-JP
ja-JP,ja-JP
ja-JP,ja-JP
ja-JP,ja-JP
ja-JP,ja-JP